﻿{
  "frames": {
    "Bolinhas00": {
      "frame": {
        "x": 0,
        "y": 0,
        "w": 6,
        "h": 6
      },
      "rotated": false,
      "trimmed": true,
      "spriteSourceSize": {
        "x": -3,
        "y": -3,
        "w": 84,
        "h": 84
      },
      "sourceSize": {
        "w": 84,
        "h": 84
      }
    },
    "Bolinhas01": {
      "frame": {
        "x": 6,
        "y": 0,
        "w": 12,
        "h": 12
      },
      "rotated": false,
      "trimmed": true,
      "spriteSourceSize": {
        "x": -6,
        "y": -6,
        "w": 84,
        "h": 84
      },
      "sourceSize": {
        "w": 84,
        "h": 84
      }
    },
    "Bolinhas02": {
      "frame": {
        "x": 18,
        "y": 0,
        "w": 18,
        "h": 18
      },
      "rotated": false,
      "trimmed": true,
      "spriteSourceSize": {
        "x": -9,
        "y": -9,
        "w": 84,
        "h": 84
      },
      "sourceSize": {
        "w": 84,
        "h": 84
      }
    },
    "Bolinhas03": {
      "frame": {
        "x": 36,
        "y": 0,
        "w": 24,
        "h": 24
      },
      "rotated": false,
      "trimmed": true,
      "spriteSourceSize": {
        "x": -12,
        "y": -12,
        "w": 84,
        "h": 84
      },
      "sourceSize": {
        "w": 84,
        "h": 84
      }
    },
    "Bolinhas04": {
      "frame": {
        "x": 60,
        "y": 0,
        "w": 30,
        "h": 30
      },
      "rotated": false,
      "trimmed": true,
      "spriteSourceSize": {
        "x": -15,
        "y": -15,
        "w": 84,
        "h": 84
      },
      "sourceSize": {
        "w": 84,
        "h": 84
      }
    },
    "Bolinhas05": {
      "frame": {
        "x": 90,
        "y": 0,
        "w": 36,
        "h": 36
      },
      "rotated": false,
      "trimmed": true,
      "spriteSourceSize": {
        "x": -18,
        "y": -18,
        "w": 84,
        "h": 84
      },
      "sourceSize": {
        "w": 84,
        "h": 84
      }
    },
    "Bolinhas06": {
      "frame": {
        "x": 126,
        "y": 0,
        "w": 42,
        "h": 42
      },
      "rotated": false,
      "trimmed": true,
      "spriteSourceSize": {
        "x": -21,
        "y": -21,
        "w": 84,
        "h": 84
      },
      "sourceSize": {
        "w": 84,
        "h": 84
      }
    },
    "Bolinhas07": {
      "frame": {
        "x": 168,
        "y": 0,
        "w": 48,
        "h": 48
      },
      "rotated": false,
      "trimmed": true,
      "spriteSourceSize": {
        "x": -24,
        "y": -24,
        "w": 84,
        "h": 84
      },
      "sourceSize": {
        "w": 84,
        "h": 84
      }
    },
    "Bolinhas08": {
      "frame": {
        "x": 0,
        "y": 48,
        "w": 54,
        "h": 54
      },
      "rotated": false,
      "trimmed": true,
      "spriteSourceSize": {
        "x": -27,
        "y": -27,
        "w": 84,
        "h": 84
      },
      "sourceSize": {
        "w": 84,
        "h": 84
      }
    },
    "Bolinhas09": {
      "frame": {
        "x": 54,
        "y": 48,
        "w": 60,
        "h": 60
      },
      "rotated": false,
      "trimmed": true,
      "spriteSourceSize": {
        "x": -30,
        "y": -30,
        "w": 84,
        "h": 84
      },
      "sourceSize": {
        "w": 84,
        "h": 84
      }
    },
    "Bolinhas10": {
      "frame": {
        "x": 114,
        "y": 48,
        "w": 62,
        "h": 62
      },
      "rotated": false,
      "trimmed": true,
      "spriteSourceSize": {
        "x": -31,
        "y": -31,
        "w": 84,
        "h": 84
      },
      "sourceSize": {
        "w": 84,
        "h": 84
      }
    },
    "Bolinhas11": {
      "frame": {
        "x": 176,
        "y": 48,
        "w": 64,
        "h": 64
      },
      "rotated": false,
      "trimmed": true,
      "spriteSourceSize": {
        "x": -32,
        "y": -32,
        "w": 84,
        "h": 84
      },
      "sourceSize": {
        "w": 84,
        "h": 84
      }
    },
    "Bolinhas12": {
      "frame": {
        "x": 0,
        "y": 112,
        "w": 66,
        "h": 66
      },
      "rotated": false,
      "trimmed": true,
      "spriteSourceSize": {
        "x": -33,
        "y": -33,
        "w": 84,
        "h": 84
      },
      "sourceSize": {
        "w": 84,
        "h": 84
      }
    },
    "Bolinhas13": {
      "frame": {
        "x": 66,
        "y": 112,
        "w": 70,
        "h": 70
      },
      "rotated": false,
      "trimmed": true,
      "spriteSourceSize": {
        "x": -35,
        "y": -35,
        "w": 84,
        "h": 84
      },
      "sourceSize": {
        "w": 84,
        "h": 84
      }
    },
    "Bolinhas14": {
      "frame": {
        "x": 136,
        "y": 112,
        "w": 72,
        "h": 72
      },
      "rotated": false,
      "trimmed": true,
      "spriteSourceSize": {
        "x": -36,
        "y": -36,
        "w": 84,
        "h": 84
      },
      "sourceSize": {
        "w": 84,
        "h": 84
      }
    },
    "Bolinhas15": {
      "frame": {
        "x": 0,
        "y": 184,
        "w": 74,
        "h": 74
      },
      "rotated": false,
      "trimmed": true,
      "spriteSourceSize": {
        "x": -37,
        "y": -37,
        "w": 84,
        "h": 84
      },
      "sourceSize": {
        "w": 84,
        "h": 84
      }
    },
    "Bolinhas16": {
      "frame": {
        "x": 74,
        "y": 184,
        "w": 76,
        "h": 76
      },
      "rotated": false,
      "trimmed": true,
      "spriteSourceSize": {
        "x": -38,
        "y": -38,
        "w": 84,
        "h": 84
      },
      "sourceSize": {
        "w": 84,
        "h": 84
      }
    },
    "Bolinhas17": {
      "frame": {
        "x": 150,
        "y": 184,
        "w": 78,
        "h": 78
      },
      "rotated": false,
      "trimmed": true,
      "spriteSourceSize": {
        "x": -39,
        "y": -39,
        "w": 84,
        "h": 84
      },
      "sourceSize": {
        "w": 84,
        "h": 84
      }
    },
    "Bolinhas18": {
      "frame": {
        "x": 0,
        "y": 262,
        "w": 80,
        "h": 80
      },
      "rotated": false,
      "trimmed": true,
      "spriteSourceSize": {
        "x": -40,
        "y": -40,
        "w": 84,
        "h": 84
      },
      "sourceSize": {
        "w": 84,
        "h": 84
      }
    },
    "Bolinhas19": {
      "frame": {
        "x": 80,
        "y": 262,
        "w": 84,
        "h": 84
      },
      "rotated": false,
      "trimmed": true,
      "spriteSourceSize": {
        "x": -42,
        "y": -42,
        "w": 84,
        "h": 84
      },
      "sourceSize": {
        "w": 84,
        "h": 84
      }
    }
  },
  "meta": {
    "app": "Adobe Flash Professional",
    "version": "13.1.0.226",
    "image": "bolinhas.png",
    "format": "RGBA8888",
    "size": {
      "w": 256,
      "h": 512
    },
    "scale": "1"
  }
}