﻿{"frames": {

"touch00":
{
	"frame": {"x":0,"y":0,"w":70,"h":70},
	"rotated": false,
	"trimmed": true,
	"spriteSourceSize": {"x":91,"y":91,"w":252,"h":252},
	"sourceSize": {"w":252,"h":252}
},
"touch01":
{
	"frame": {"x":0,"y":0,"w":70,"h":70},
	"rotated": false,
	"trimmed": true,
	"spriteSourceSize": {"x":91,"y":91,"w":252,"h":252},
	"sourceSize": {"w":252,"h":252}
},
"touch02":
{
	"frame": {"x":0,"y":0,"w":70,"h":70},
	"rotated": false,
	"trimmed": true,
	"spriteSourceSize": {"x":91,"y":91,"w":252,"h":252},
	"sourceSize": {"w":252,"h":252}
},
"touch03":
{
	"frame": {"x":0,"y":0,"w":70,"h":70},
	"rotated": false,
	"trimmed": true,
	"spriteSourceSize": {"x":91,"y":91,"w":252,"h":252},
	"sourceSize": {"w":252,"h":252}
},
"touch04":
{
	"frame": {"x":70,"y":0,"w":163,"h":163},
	"rotated": false,
	"trimmed": true,
	"spriteSourceSize": {"x":45,"y":45,"w":252,"h":252},
	"sourceSize": {"w":252,"h":252}
},
"touch05":
{
	"frame": {"x":70,"y":0,"w":163,"h":163},
	"rotated": false,
	"trimmed": true,
	"spriteSourceSize": {"x":45,"y":45,"w":252,"h":252},
	"sourceSize": {"w":252,"h":252}
},
"touch06":
{
	"frame": {"x":70,"y":0,"w":163,"h":163},
	"rotated": false,
	"trimmed": true,
	"spriteSourceSize": {"x":45,"y":45,"w":252,"h":252},
	"sourceSize": {"w":252,"h":252}
},
"touch07":
{
	"frame": {"x":70,"y":0,"w":163,"h":163},
	"rotated": false,
	"trimmed": true,
	"spriteSourceSize": {"x":45,"y":45,"w":252,"h":252},
	"sourceSize": {"w":252,"h":252}
},
"touch08":
{
	"frame": {"x":233,"y":0,"w":197,"h":197},
	"rotated": false,
	"trimmed": true,
	"spriteSourceSize": {"x":28,"y":28,"w":252,"h":252},
	"sourceSize": {"w":252,"h":252}
},
"touch09":
{
	"frame": {"x":233,"y":0,"w":197,"h":197},
	"rotated": false,
	"trimmed": true,
	"spriteSourceSize": {"x":28,"y":28,"w":252,"h":252},
	"sourceSize": {"w":252,"h":252}
},
"touch10":
{
	"frame": {"x":233,"y":0,"w":197,"h":197},
	"rotated": false,
	"trimmed": true,
	"spriteSourceSize": {"x":28,"y":28,"w":252,"h":252},
	"sourceSize": {"w":252,"h":252}
},
"touch11":
{
	"frame": {"x":233,"y":0,"w":197,"h":197},
	"rotated": false,
	"trimmed": true,
	"spriteSourceSize": {"x":28,"y":28,"w":252,"h":252},
	"sourceSize": {"w":252,"h":252}
},
"touch12":
{
	"frame": {"x":0,"y":197,"w":252,"h":252},
	"rotated": false,
	"trimmed": false,
	"spriteSourceSize": {"x":0,"y":0,"w":252,"h":252},
	"sourceSize": {"w":252,"h":252}
},
"touch13":
{
	"frame": {"x":0,"y":197,"w":252,"h":252},
	"rotated": false,
	"trimmed": false,
	"spriteSourceSize": {"x":0,"y":0,"w":252,"h":252},
	"sourceSize": {"w":252,"h":252}
},
"touch14":
{
	"frame": {"x":0,"y":197,"w":252,"h":252},
	"rotated": false,
	"trimmed": false,
	"spriteSourceSize": {"x":0,"y":0,"w":252,"h":252},
	"sourceSize": {"w":252,"h":252}
},
"touch15":
{
	"frame": {"x":0,"y":197,"w":252,"h":252},
	"rotated": false,
	"trimmed": false,
	"spriteSourceSize": {"x":0,"y":0,"w":252,"h":252},
	"sourceSize": {"w":252,"h":252}
},
"touch16":
{
	"frame": {"x":252,"y":197,"w":252,"h":252},
	"rotated": false,
	"trimmed": false,
	"spriteSourceSize": {"x":0,"y":0,"w":252,"h":252},
	"sourceSize": {"w":252,"h":252}
},
"touch17":
{
	"frame": {"x":252,"y":197,"w":252,"h":252},
	"rotated": false,
	"trimmed": false,
	"spriteSourceSize": {"x":0,"y":0,"w":252,"h":252},
	"sourceSize": {"w":252,"h":252}
},
"touch18":
{
	"frame": {"x":252,"y":197,"w":252,"h":252},
	"rotated": false,
	"trimmed": false,
	"spriteSourceSize": {"x":0,"y":0,"w":252,"h":252},
	"sourceSize": {"w":252,"h":252}
},
"touch19":
{
	"frame": {"x":252,"y":197,"w":252,"h":252},
	"rotated": false,
	"trimmed": false,
	"spriteSourceSize": {"x":0,"y":0,"w":252,"h":252},
	"sourceSize": {"w":252,"h":252}
},
"touch20":
{
	"frame": {"x":252,"y":197,"w":252,"h":252},
	"rotated": false,
	"trimmed": false,
	"spriteSourceSize": {"x":0,"y":0,"w":252,"h":252},
	"sourceSize": {"w":252,"h":252}
},
"touch21":
{
	"frame": {"x":252,"y":197,"w":252,"h":252},
	"rotated": false,
	"trimmed": false,
	"spriteSourceSize": {"x":0,"y":0,"w":252,"h":252},
	"sourceSize": {"w":252,"h":252}
},
"touch22":
{
	"frame": {"x":252,"y":197,"w":252,"h":252},
	"rotated": false,
	"trimmed": false,
	"spriteSourceSize": {"x":0,"y":0,"w":252,"h":252},
	"sourceSize": {"w":252,"h":252}
},
"touch23":
{
	"frame": {"x":252,"y":197,"w":252,"h":252},
	"rotated": false,
	"trimmed": false,
	"spriteSourceSize": {"x":0,"y":0,"w":252,"h":252},
	"sourceSize": {"w":252,"h":252}
},
"touch24":
{
	"frame": {"x":0,"y":449,"w":20,"h":20},
	"rotated": false,
	"trimmed": true,
	"spriteSourceSize": {"x":116,"y":116,"w":252,"h":252},
	"sourceSize": {"w":252,"h":252}
},
"touch25":
{
	"frame": {"x":0,"y":449,"w":20,"h":20},
	"rotated": false,
	"trimmed": true,
	"spriteSourceSize": {"x":116,"y":116,"w":252,"h":252},
	"sourceSize": {"w":252,"h":252}
},
"touch26":
{
	"frame": {"x":0,"y":449,"w":20,"h":20},
	"rotated": false,
	"trimmed": true,
	"spriteSourceSize": {"x":116,"y":116,"w":252,"h":252},
	"sourceSize": {"w":252,"h":252}
},
"touch27":
{
	"frame": {"x":0,"y":449,"w":20,"h":20},
	"rotated": false,
	"trimmed": true,
	"spriteSourceSize": {"x":116,"y":116,"w":252,"h":252},
	"sourceSize": {"w":252,"h":252}
},
"touch28":
{
	"frame": {"x":0,"y":449,"w":20,"h":20},
	"rotated": false,
	"trimmed": true,
	"spriteSourceSize": {"x":116,"y":116,"w":252,"h":252},
	"sourceSize": {"w":252,"h":252}
},
"touch29":
{
	"frame": {"x":0,"y":449,"w":20,"h":20},
	"rotated": false,
	"trimmed": true,
	"spriteSourceSize": {"x":116,"y":116,"w":252,"h":252},
	"sourceSize": {"w":252,"h":252}
},
"touch30":
{
	"frame": {"x":0,"y":449,"w":20,"h":20},
	"rotated": false,
	"trimmed": true,
	"spriteSourceSize": {"x":116,"y":116,"w":252,"h":252},
	"sourceSize": {"w":252,"h":252}
},
"touch31":
{
	"frame": {"x":0,"y":449,"w":20,"h":20},
	"rotated": false,
	"trimmed": true,
	"spriteSourceSize": {"x":116,"y":116,"w":252,"h":252},
	"sourceSize": {"w":252,"h":252}
},
"touch32":
{
	"frame": {"x":0,"y":449,"w":20,"h":20},
	"rotated": false,
	"trimmed": true,
	"spriteSourceSize": {"x":116,"y":116,"w":252,"h":252},
	"sourceSize": {"w":252,"h":252}
},
"touch33":
{
	"frame": {"x":0,"y":449,"w":20,"h":20},
	"rotated": false,
	"trimmed": true,
	"spriteSourceSize": {"x":116,"y":116,"w":252,"h":252},
	"sourceSize": {"w":252,"h":252}
},
"touch34":
{
	"frame": {"x":0,"y":449,"w":20,"h":20},
	"rotated": false,
	"trimmed": true,
	"spriteSourceSize": {"x":116,"y":116,"w":252,"h":252},
	"sourceSize": {"w":252,"h":252}
},
"touch35":
{
	"frame": {"x":0,"y":449,"w":20,"h":20},
	"rotated": false,
	"trimmed": true,
	"spriteSourceSize": {"x":116,"y":116,"w":252,"h":252},
	"sourceSize": {"w":252,"h":252}
},
"touch36":
{
	"frame": {"x":0,"y":449,"w":20,"h":20},
	"rotated": false,
	"trimmed": true,
	"spriteSourceSize": {"x":116,"y":116,"w":252,"h":252},
	"sourceSize": {"w":252,"h":252}
},
"touch37":
{
	"frame": {"x":0,"y":449,"w":20,"h":20},
	"rotated": false,
	"trimmed": true,
	"spriteSourceSize": {"x":116,"y":116,"w":252,"h":252},
	"sourceSize": {"w":252,"h":252}
},
"touch38":
{
	"frame": {"x":0,"y":449,"w":20,"h":20},
	"rotated": false,
	"trimmed": true,
	"spriteSourceSize": {"x":116,"y":116,"w":252,"h":252},
	"sourceSize": {"w":252,"h":252}
},
"touch39":
{
	"frame": {"x":0,"y":449,"w":20,"h":20},
	"rotated": false,
	"trimmed": true,
	"spriteSourceSize": {"x":116,"y":116,"w":252,"h":252},
	"sourceSize": {"w":252,"h":252}
}},
"meta": {
	"app": "Adobe Flash Professional",
	"version": "13.1.0.226",
	"image": "touch.png",
	"format": "RGBA8888",
	"size": {"w":512,"h":512},
	"scale": "1"
}
}
